{"sections":{"main":{"type":"main-product","blocks":{"variant_picker":{"type":"variant_picker","settings":{"hide_sold_out_variants":true,"selector_mode":"block","color_mode":"color","size_chart_page":"contato-teste"}},"liquid_YFhM9i":{"type":"liquid","name":"Liquid personalizado tabela","settings":{"liquid":"{% comment %}Tabela de Medidas - OTIMIZADA PAGESPEED{% endcomment %}\n\n{% if product.metafields.custom.imagem_tabela_medidas != blank or product.metafields.custom.tabela_medidas != blank %}\n<div class=\"size-guide-wrapper\" style=\"margin:10px 0\">\n  \n  <button type=\"button\" onclick=\"openSizeGuide()\" style=\"background:#fff;color:#000;border:1px solid #000;padding:6px 12px;cursor:pointer;font-size:12px;font-weight:900\">\n    Guia de Tamanhos\n  <\/button>\n\n  <div id=\"sizeGuideModal\" style=\"display:none;position:fixed;z-index:9999;left:0;top:0;width:100%;height:100%;background:rgba(0,0,0,0.5)\">\n    <div class=\"size-guide-content\" style=\"background:#fff;margin:5% auto;padding:15px 20px;border-radius:8px;width:90%;max-width:900px;max-height:85vh;overflow-y:auto;position:relative\">\n      \n      <div style=\"display:flex;justify-content:space-between;align-items:center;margin-bottom:15px\">\n        {% if product.metafields.custom.imagem_tabela_medidas != blank %}\n        <h3 style=\"margin:0;font-size:18px;font-weight:600\">Como Medir<\/h3>\n        {% elsif product.metafields.custom.tabela_medidas != blank %}\n        <h3 style=\"margin:0;font-size:18px;font-weight:600\">Tabela de Medidas<\/h3>\n        {% else %}\n        <h3 style=\"margin:0;font-size:18px;font-weight:600\">Guia de Tamanhos<\/h3>\n        {% endif %}\n        \n        <button onclick=\"closeSizeGuide()\" style=\"background:none;border:none;font-size:28px;cursor:pointer;color:#666;line-height:1;padding:0\">&times;<\/button>\n      <\/div>\n      \n      {% if product.metafields.custom.tabela_descricao != blank %}\n      <p style=\"color:#666;margin-bottom:15px;line-height:1.5;font-size:14px\">{{ product.metafields.custom.tabela_descricao }}<\/p>\n      {% endif %}\n      \n      {% if product.metafields.custom.imagem_tabela_medidas != blank %}\n      <div style=\"margin-bottom:20px;text-align:center\">\n        <img id=\"sizeGuideImage\" data-src=\"{{ product.metafields.custom.imagem_tabela_medidas | image_url: width: 800 }}\" alt=\"Como Medir\" loading=\"lazy\" style=\"max-width:100%;height:auto;display:block;margin:0 auto\">\n      <\/div>\n      {% endif %}\n      \n      {% if product.metafields.custom.tabela_medidas != blank %}\n      <div style=\"margin-top:20px\">\n        <h3 style=\"font-size:18px;margin-bottom:10px;font-weight:600;text-align:center\">Tabela de Medidas<\/h3>\n        <p style=\"text-align:center;font-size:12px;color:#999;margin-bottom:10px;font-style:italic\">← Deslize para ver todas as medidas →<\/p>\n        \n        <div id=\"tableContainer\" style=\"overflow-x:auto\">\n          {{ product.metafields.custom.tabela_medidas }}\n        <\/div>\n      <\/div>\n      {% endif %}\n      \n      {% if product.metafields.custom.tabela_dica != blank %}\n      <div style=\"margin-top:20px;padding:12px;background:#f8f8f8;border-left:4px solid #000;border-radius:4px\">\n        <strong style=\"display:block;margin-bottom:5px;font-size:14px\">💡 Dica:<\/strong>\n        <span style=\"font-size:14px\">{{ product.metafields.custom.tabela_dica }}<\/span>\n      <\/div>\n      {% endif %}\n      \n    <\/div>\n  <\/div>\n\n<\/div>\n\n<style>\n.size-guide-content table{width:100%;border-collapse:collapse;margin:0;min-width:500px}\n.size-guide-content table th,.size-guide-content table td{padding:10px 12px;text-align:left;border:1px solid #ddd;white-space:nowrap}\n.size-guide-content table th{background:#f8f8f8;font-weight:600;text-transform:uppercase;font-size:11px;letter-spacing:.5px}\n#tableContainer::-webkit-scrollbar{height:8px}\n#tableContainer::-webkit-scrollbar-track{background:#f1f1f1;border-radius:4px}\n#tableContainer::-webkit-scrollbar-thumb{background:#888;border-radius:4px}\n#tableContainer::-webkit-scrollbar-thumb:hover{background:#555}\n@media (max-width:768px){.size-guide-content{margin:2% auto;padding:12px 15px;width:95%}}\n<\/style>\n\n<script>\nlet imgLoaded=false;\nfunction openSizeGuide(){\n  const m=document.getElementById('sizeGuideModal');\n  const img=document.getElementById('sizeGuideImage');\n  if(img&&!imgLoaded){\n    img.src=img.getAttribute('data-src');\n    imgLoaded=true;\n  }\n  m.style.display='block';\n  document.body.style.overflow='hidden';\n}\nfunction closeSizeGuide(){\n  document.getElementById('sizeGuideModal').style.display='none';\n  document.body.style.overflow='auto';\n}\nwindow.onclick=e=>{if(e.target==document.getElementById('sizeGuideModal'))closeSizeGuide()}\ndocument.addEventListener('keydown',e=>{if(e.key==='Escape')closeSizeGuide()});\n<\/script>\n\n{% endif %}"}},"buy_buttons":{"type":"buy_buttons","settings":{"show_payment_button":false,"atc_button_background":"rgba(0,0,0,0)","atc_button_text_color":"rgba(0,0,0,0)","buy_now_button_background":"rgba(0,0,0,0)","buy_now_button_text_color":"rgba(0,0,0,0)"}},"b03ccd22-2617-4a1d-ac48-e64ea4df469c":{"type":"button","settings":{"link":"","text":"","stretch":true,"background":"rgba(0,0,0,0)","text_color":"rgba(0,0,0,0)"}}},"block_order":["variant_picker","liquid_YFhM9i","buy_buttons","b03ccd22-2617-4a1d-ac48-e64ea4df469c"],"custom_css":[".label--highlight {display: none !important;}",".price--compare {text-decoration: line-through; opacity: 0.8; font-size: 21px; color: #212121;}",".product__media-list-wrapper[style*=\"max-width\"] {max-width: none !important; width: 100% !important;}",".product__media-image-wrapper {width: 100vw !important; margin-left: calc(-50vw + 50%) !important; border-radius: 0 !important;}","@media (min-width: 1000px) {.product__media-image-wrapper {width: 100% !important; margin-left: 0 !important; }}",".product-form__option-info {font-size: 14px;}"],"settings":{"show_progressbar":false,"show_exclusividade":false,"show_label3":false,"show_vendidos":false,"show_bandeirascart":true,"show_bandeiras1":false,"show_bandeiras2":false,"titulo_bandeiras":"FORMAS DE PAGAMENTO","show_visa_p":true,"show_master_p":false,"show_hiper_p":true,"show_elo_p":true,"show_amex_p":true,"show_discover_p":true,"show_pix_p":true,"show_boleto_p":true,"show_box1p":false,"box1p_line1":"<p>Pagamentos e informações estão seguros<\/p>","box1p_line2":"<p>Site oficial com <a href=\"\/policies\/privacy-policy\" title=\"Privacy Policy\">todos os direitos reservados<\/a><\/p>","show_box2p":false,"box2p_line1":"<p>Frete Grátis<\/p>","box2p_line2":"<p>Frete grátis disponível em pedidos<\/p>","box2p_line3":"<p>para todo o Brasil!<\/p>","show_box3p":true,"box3p_line1":"<p>Garantia de Satisfação<\/p>","box3p_line2":"<p>Estorno total em caso de arrependimento <\/p>","box3p_line3":"<p>em até 30 dias após o recebimento.<\/p>","show_buscacep":false,"show_vendor":false,"show_sku":false,"show_taxes_included":false,"show_product_rating":false,"show_sticky_add_to_cart":false,"show_share_buttons":false,"help_page":"","enable_video_autoplay":false,"enable_video_looping":true,"enable_image_zoom":true,"show_thumbnails_on_mobile":false,"desktop_thumbnails_position":"left","transition_effect":"slide"}},"product-content":{"type":"product-content","blocks":{"description":{"type":"description","settings":{}}},"block_order":["description"],"custom_css":[".text-container .h1,.rte h1 {margin-top: 5px !important;}",".rte img:not([style*=\"float\"]),.text-container img:not([style*=\"float\"]) {display: block; margin: 5px 0;}"],"settings":{}}},"order":["main","product-content"]}